Concentration,r,g,b,saturation

0.13631,2,121,163
0.027262,6,174,190
0.005452,125,197,165
0.00189,196,206,159
0.000218,219,210,154
0.0000436,224,214,168
0,238,224,174
